Site,Label,concepticonReference,Concepticon_Gloss
1,all_1,98,all
2,all_10,98,all
3,all_11,98,all
4,all_12,98,all
5,all_13,98,all
6,all_14,98,all
7,all_15,98,all
8,all_16,98,all
9,all_17,98,all
10,all_18,98,all
11,all_19,98,all
12,all_2,98,all
13,all_3,98,all
14,all_4,98,all
15,all_5,98,all
16,all_6,98,all
17,all_7,98,all
18,all_8,98,all
19,all_9,98,all
20,all_u155,98,all
21,all_u6,98,all
22,all_u7,98,all
23,arm_1,1673,arm
24,arm_2,1673,arm
25,arm_3,1673,arm
26,arm_4,1673,arm
27,arm_6,1673,arm
28,arm_7,1673,arm
29,arm_8,1673,arm
30,arm_u161,1673,arm
31,arm_u162,1673,arm
32,arm_u84,1673,arm
33,ash_1,646,ash
34,ash_10,646,ash
35,ash_12,646,ash
36,ash_3,646,ash
37,ash_4,646,ash
38,ash_5,646,ash
39,ash_6,646,ash
40,ash_7,646,ash
41,ash_8,646,ash
42,ash_9,646,ash
43,bark_1,1204,bark
44,bark_10,1204,bark
45,bark_11,1204,bark
46,bark_12,1204,bark
47,bark_2,1204,bark
48,bark_3,1204,bark
49,bark_4,1204,bark
50,bark_5,1204,bark
51,bark_6,1204,bark
52,bark_7,1204,bark
53,bark_8,1204,bark
54,bark_9,1204,bark
55,bark_u110,1204,bark
56,belly_1,1251,belly
57,belly_2,1251,belly
58,belly_3,1251,belly
59,belly_4,1251,belly
60,belly_5,1251,belly
61,belly_6,1251,belly
62,belly_7,1251,belly
63,belly_8,1251,belly
64,belly_9,1251,belly
65,belly_u104,1251,belly
66,belly_u105,1251,belly
67,belly_u2,1251,belly
68,big_1,1202,big
69,big_10,1202,big
70,big_11,1202,big
71,big_2,1202,big
72,big_3,1202,big
73,big_4,1202,big
74,big_5,1202,big
75,big_6,1202,big
76,big_7,1202,big
77,big_8,1202,big
78,big_9,1202,big
79,bird_1,937,bird
80,bird_10,937,bird
81,bird_11,937,bird
82,bird_12,937,bird
83,bird_13,937,bird
84,bird_14,937,bird
85,bird_15,937,bird
86,bird_16,937,bird
87,bird_2,937,bird
88,bird_3,937,bird
89,bird_4,937,bird
90,bird_5,937,bird
91,bird_6,937,bird
92,bird_7,937,bird
93,bird_9,937,bird
94,bird_L2,937,bird
95,bird_u168,937,bird
96,bite_1,1403,bite
97,bite_2,1403,bite
98,bite_u35,1403,bite
99,bite_u36,1403,bite
100,black_1,163,black
101,black_10,163,black
102,black_12,163,black
103,black_2,163,black
104,black_3,163,black
105,black_5,163,black
106,black_6,163,black
107,black_7,163,black
108,black_8,163,black
109,black_9,163,black
110,blood_1,946,blood
111,blood_2,946,blood
112,blood_3,946,blood
113,blood_4,946,blood
114,blood_5,946,blood
115,blood_6,946,blood
116,blood_7,946,blood
117,blood_8,946,blood
118,blood_9,946,blood
119,blood_u74,946,blood
120,bone_1,1394,bone
121,bone_2,1394,bone
122,bone_3,1394,bone
123,bone_4,1394,bone
124,bone_5,1394,bone
125,bone_u116,1394,bone
126,breast_1,1402,breast
127,breast_2,1402,breast
128,breast_3,1402,breast
129,breast_u165,1402,breast
130,burn_1,141,burn
131,burn_11,141,burn
132,burn_12,141,burn
133,burn_13,141,burn
134,burn_14,141,burn
135,burn_16,141,burn
136,burn_2,141,burn
137,burn_3,141,burn
138,burn_4,141,burn
139,burn_5,141,burn
140,burn_6,141,burn
141,burn_7,141,burn
142,burn_8,141,burn
143,burn_9,141,burn
144,burn_u51,141,burn
145,claw_nail_1,72,"claw, nail"
146,claw_nail_3,72,"claw, nail"
147,claw_nail_4,72,"claw, nail"
148,claw_nail_5,72,"claw, nail"
149,claw_nail_6,72,"claw, nail"
150,cloud_1,1489,cloud
151,cloud_10,1489,cloud
152,cloud_11,1489,cloud
153,cloud_12,1489,cloud
154,cloud_13,1489,cloud
155,cloud_14,1489,cloud
156,cloud_15,1489,cloud
157,cloud_17,1489,cloud
158,cloud_2,1489,cloud
159,cloud_3,1489,cloud
160,cloud_4,1489,cloud
161,cloud_5,1489,cloud
162,cloud_6,1489,cloud
163,cloud_7,1489,cloud
164,cloud_8,1489,cloud
165,cloud_9,1489,cloud
166,cold_1,1287,cold
167,cold_2,1287,cold
168,cold_3,1287,cold
169,cold_4,1287,cold
170,cold_5,1287,cold
171,cold_6,1287,cold
172,cold_7,1287,cold
173,come_1,1446,come
174,come_10,1446,come
175,come_11,1446,come
176,come_12,1446,come
177,come_13,1446,come
178,come_14,1446,come
179,come_15,1446,come
180,come_16,1446,come
181,come_17,1446,come
182,come_18,1446,come
183,come_19,1446,come
184,come_2,1446,come
185,come_3,1446,come
186,come_4,1446,come
187,come_5,1446,come
188,come_6,1446,come
189,come_7,1446,come
190,come_8,1446,come
191,come_9,1446,come
192,come_u120,1446,come
193,come_u121,1446,come
194,come_u58,1446,come
195,come_u64,1446,come
196,come_u65,1446,come
197,die_1,1494,die
198,die_2,1494,die
199,die_4,1494,die
200,die_5,1494,die
201,die_8,1494,die
202,die_9,1494,die
203,die_u15,1494,die
204,die_u16,1494,die
205,die_u17,1494,die
206,die_u78,1494,die
207,dirty_1,1230,dirty
208,dirty_10,1230,dirty
209,dirty_11,1230,dirty
210,dirty_12,1230,dirty
211,dirty_13,1230,dirty
212,dirty_14,1230,dirty
213,dirty_15,1230,dirty
214,dirty_17,1230,dirty
215,dirty_18,1230,dirty
216,dirty_19,1230,dirty
217,dirty_2,1230,dirty
218,dirty_20,1230,dirty
219,dirty_21,1230,dirty
220,dirty_24,1230,dirty
221,dirty_25,1230,dirty
222,dirty_5,1230,dirty
223,dirty_6,1230,dirty
224,dirty_8,1230,dirty
225,dirty_9,1230,dirty
226,dirty_u26,1230,dirty
227,dirty_u27,1230,dirty
228,dirty_u28,1230,dirty
229,dirty_u29,1230,dirty
230,dog_1,2009,dog
231,dog_2,2009,dog
232,dog_3,2009,dog
233,dog_4,2009,dog
234,dog_5,2009,dog
235,dog_6,2009,dog
236,dog_7,2009,dog
237,dog_8,2009,dog
238,dog_u1,2009,dog
239,dog_u169,2009,dog
240,dog_u20,2009,dog
241,drink_1,1401,drink
242,drink_2,1401,drink
243,drink_3,1401,drink
244,drink_4,1401,drink
245,drink_5,1401,drink
246,drink_u144,1401,drink
247,drink_u145,1401,drink
248,drink_u156,1401,drink
249,drink_u75,1401,drink
250,drink_u76,1401,drink
251,dry_1,1398,dry
252,dry_2,1398,dry
253,dry_3,1398,dry
254,dry_6,1398,dry
255,ear_1,1247,ear
256,ear_2,1247,ear
257,ear_3,1247,ear
258,ear_u103,1247,ear
259,earth_1,1228,earth
260,earth_2,1228,earth
261,earth_3,1228,earth
262,earth_4,1228,earth
263,earth_5,1228,earth
264,earth_L1,1228,earth
265,earth_u54,1228,earth
266,eat_1,1336,eat
267,eat_2,1336,eat
268,eat_3,1336,eat
269,eat_4,1336,eat
270,eat_5,1336,eat
271,eat_L1,1336,eat
272,eat_u106,1336,eat
273,eat_u146,1336,eat
274,egg_1,744,egg
275,egg_2,744,egg
276,egg_3,744,egg
277,egg_4,744,egg
278,egg_5,744,egg
279,egg_8,744,egg
280,egg_9,744,egg
281,egg_u46,744,egg
282,eye_1,1248,eye
283,eye_2,1248,eye
284,eye_3,1248,eye
285,eye_4,1248,eye
286,eye_u83,1248,eye
287,feather_1,1201,feather
288,feather_11,1201,feather
289,feather_12,1201,feather
290,feather_2,1201,feather
291,feather_35,1201,feather
292,feather_4,1201,feather
293,feather_5,1201,feather
294,feather_6,1201,feather
295,feather_7,1201,feather
296,feather_8,1201,feather
297,feather_9,1201,feather
298,feather_u140,1201,feather
299,feather_u172,1201,feather
300,fire_1,221,fire
301,fire_2,221,fire
302,fire_3,221,fire
303,fire_4,221,fire
304,fire_5,221,fire
305,fire_6,221,fire
306,fire_7,221,fire
307,fish_1,227,fish
308,fish_2,227,fish
309,fish_3,227,fish
310,fish_5,227,fish
311,fish_6,227,fish
312,fish_7,227,fish
313,fish_8,227,fish
314,five_1,493,five
315,five_10,493,five
316,five_11,493,five
317,five_2,493,five
318,five_3,493,five
319,five_4,493,five
320,five_5,493,five
321,five_6,493,five
322,five_7,493,five
323,five_8,493,five
324,five_9,493,five
325,five_u153,493,five
326,five_u48,493,five
327,fly_1,1441,fly
328,fly_10,1441,fly
329,fly_11,1441,fly
330,fly_14,1441,fly
331,fly_15,1441,fly
332,fly_2,1441,fly
333,fly_3,1441,fly
334,fly_4,1441,fly
335,fly_5,1441,fly
336,fly_6,1441,fly
337,fly_7,1441,fly
338,foot_1,1301,foot
339,foot_11,1301,foot
340,foot_12,1301,foot
341,foot_13,1301,foot
342,foot_2,1301,foot
343,foot_3,1301,foot
344,foot_4,1301,foot
345,foot_5,1301,foot
346,foot_6,1301,foot
347,foot_7,1301,foot
348,foot_8,1301,foot
349,foot_9,1301,foot
350,foot_u141,1301,foot
351,four_1,1500,four
352,four_2,1500,four
353,four_3,1500,four
354,four_4,1500,four
355,four_5,1500,four
356,four_6,1500,four
357,four_7,1500,four
358,four_8,1500,four
359,four_9,1500,four
360,full_1,1429,full
361,full_10,1429,full
362,full_11,1429,full
363,full_12,1429,full
364,full_13,1429,full
365,full_14,1429,full
366,full_15,1429,full
367,full_16,1429,full
368,full_17,1429,full
369,full_18,1429,full
370,full_19,1429,full
371,full_2,1429,full
372,full_3,1429,full
373,full_4,1429,full
374,full_5,1429,full
375,full_6,1429,full
376,full_7,1429,full
377,full_8,1429,full
378,full_9,1429,full
379,full_u34,1429,full
380,give_1,1447,give
381,give_2,1447,give
382,give_3,1447,give
383,give_4,1447,give
384,give_5,1447,give
385,give_8,1447,give
386,give_9,1447,give
387,give_u123,1447,give
388,give_u149,1447,give
389,give_u163,1447,give
390,give_u40,1447,give
391,good_1,1035,good
392,good_10,1035,good
393,good_12,1035,good
394,good_13,1035,good
395,good_14,1035,good
396,good_15,1035,good
397,good_16,1035,good
398,good_17,1035,good
399,good_18,1035,good
400,good_19,1035,good
401,good_2,1035,good
402,good_20,1035,good
403,good_3,1035,good
404,good_4,1035,good
405,good_5,1035,good
406,good_6,1035,good
407,good_7,1035,good
408,good_8,1035,good
409,good_9,1035,good
410,good_L1,1035,good
411,good_L2,1035,good
412,good_u136,1035,good
413,good_u138,1035,good
414,grease_fat_1,323,"grease, fat"
415,grease_fat_2,323,"grease, fat"
416,grease_fat_3,323,"grease, fat"
417,grease_fat_5,323,"grease, fat"
418,grease_fat_6,323,"grease, fat"
419,grease_fat_7,323,"grease, fat"
420,grease_fat_u130,323,"grease, fat"
421,grease_fat_u132,323,"grease, fat"
422,grease_fat_u137,323,"grease, fat"
423,grease_fat_u160,323,"grease, fat"
424,grease_fat_u21,323,"grease, fat"
425,green_1,1425,green
426,green_10,1425,green
427,green_11,1425,green
428,green_12,1425,green
429,green_13,1425,green
430,green_14,1425,green
431,green_15,1425,green
432,green_16,1425,green
433,green_17,1425,green
434,green_18,1425,green
435,green_2,1425,green
436,green_3,1425,green
437,green_4,1425,green
438,green_5,1425,green
439,green_6,1425,green
440,green_7,1425,green
441,green_8,1425,green
442,green_9,1425,green
443,hair_1,1040,hair
444,hair_10,1040,hair
445,hair_2,1040,hair
446,hair_3,1040,hair
447,hair_4,1040,hair
448,hair_6,1040,hair
449,hair_7,1040,hair
450,hair_8,1040,hair
451,hair_9,1040,hair
452,hair_u82,1040,hair
453,hand_1,1277,hand
454,hand_2,1277,hand
455,hand_3,1277,hand
456,hand_4,1277,hand
457,hand_5,1277,hand
458,head_1,1256,head
459,head_10,1256,head
460,head_11,1256,head
461,head_12,1256,head
462,head_13,1256,head
463,head_14,1256,head
464,head_17,1256,head
465,head_2,1256,head
466,head_3,1256,head
467,head_4,1256,head
468,head_5,1256,head
469,head_6,1256,head
470,head_7,1256,head
471,head_8,1256,head
472,head_9,1256,head
473,head_u117,1256,head
474,hear_1,1408,hear
475,hear_2,1408,hear
476,hear_3,1408,hear
477,hear_4,1408,hear
478,hear_6,1408,hear
479,hear_7,1408,hear
480,heart_1,1223,heart
481,heart_2,1223,heart
482,heart_3,1223,heart
483,heart_4,1223,heart
484,heart_5,1223,heart
485,heart_6,1223,heart
486,heart_7,1223,heart
487,heart_8,1223,heart
488,heart_u63,1223,heart
489,heavy_1,1210,heavy
490,heavy_2,1210,heavy
491,heavy_3,1210,heavy
492,horn_1,1393,horn
493,horn_2,1393,horn
494,horn_3,1393,horn
495,hot_1,1286,hot
496,hot_10,1286,hot
497,hot_11,1286,hot
498,hot_2,1286,hot
499,hot_3,1286,hot
500,hot_4,1286,hot
501,hot_5,1286,hot
502,hot_6,1286,hot
503,hot_7,1286,hot
504,hot_8,1286,hot
505,hot_9,1286,hot
506,i_1,1209,I
507,i_2,1209,I
508,i_u154,1209,I
509,i_u56,1209,I
510,kill_2,1417,kill
511,kill_3,1417,kill
512,kill_6,1417,kill
513,kill_7,1417,kill
514,kill_u119,1417,kill
515,knee_1,1371,knee
516,knee_10,1371,knee
517,knee_2,1371,knee
518,knee_3,1371,knee
519,knee_4,1371,knee
520,knee_5,1371,knee
521,knee_6,1371,knee
522,knee_7,1371,knee
523,knee_u142,1371,knee
524,know_1,1410,know
525,know_10,1410,know
526,know_12,1410,know
527,know_2,1410,know
528,know_3,1410,know
529,know_4,1410,know
530,know_5,1410,know
531,know_6,1410,know
532,know_7,1410,know
533,know_8,1410,know
534,know_u86,1410,know
535,know_u87,1410,know
536,know_u88,1410,know
537,know_u89,1410,know
538,know_u90,1410,know
539,know_u91,1410,know
540,leaf_1,628,leaf
541,leaf_10,628,leaf
542,leaf_2,628,leaf
543,leaf_3,628,leaf
544,leaf_4,628,leaf
545,leaf_5,628,leaf
546,leaf_6,628,leaf
547,leaf_7,628,leaf
548,leaf_8,628,leaf
549,leaf_9,628,leaf
550,lie_1,1411,lie
551,lie_10,1411,lie
552,lie_12,1411,lie
553,lie_2,1411,lie
554,lie_3,1411,lie
555,lie_4,1411,lie
556,lie_5,1411,lie
557,lie_6,1411,lie
558,lie_7,1411,lie
559,lie_8,1411,lie
560,lie_9,1411,lie
561,lie_u148,1411,lie
562,liver_1,1224,liver
563,liver_2,1224,liver
564,liver_3,1224,liver
565,long_1,1203,long
566,long_10,1203,long
567,long_2,1203,long
568,long_3,1203,long
569,long_4,1203,long
570,long_5,1203,long
571,long_6,1203,long
572,long_7,1203,long
573,long_8,1203,long
574,long_9,1203,long
575,louse_1,1392,louse
576,louse_2,1392,louse
577,louse_3,1392,louse
578,louse_5,1392,louse
579,louse_6,1392,louse
580,louse_7,1392,louse
581,louse_u170,1392,louse
582,man_10,1554,man
583,man_11,1554,man
584,man_12,1554,man
585,man_13,1554,man
586,man_2,1554,man
587,man_3,1554,man
588,man_4,1554,man
589,man_5,1554,man
590,man_6,1554,man
591,man_7,1554,man
592,man_8,1554,man
593,man_9,1554,man
594,man_L1,1554,man
595,many_1,1198,many
596,many_10,1198,many
597,many_11,1198,many
598,many_12,1198,many
599,many_2,1198,many
600,many_4,1198,many
601,many_5,1198,many
602,many_6,1198,many
603,many_7,1198,many
604,many_8,1198,many
605,many_9,1198,many
606,meat_1,634,meat
607,meat_10,634,meat
608,meat_11,634,meat
609,meat_2,634,meat
610,meat_3,634,meat
611,meat_5,634,meat
612,meat_6,634,meat
613,meat_8,634,meat
614,meat_u129,634,meat
615,meat_u164,634,meat
616,meat_u44,634,meat
617,moon_1,1313,moon
618,moon_u94,1313,moon
619,mountain_1,639,mountain
620,mountain_10,639,mountain
621,mountain_2,639,mountain
622,mountain_3,639,mountain
623,mountain_4,639,mountain
624,mountain_5,639,mountain
625,mountain_7,639,mountain
626,mountain_8,639,mountain
627,mountain_9,639,mountain
628,mountain_u115,639,mountain
629,mountain_u124,639,mountain
630,mountain_u125,639,mountain
631,mountain_u126,639,mountain
632,mountain_u127,639,mountain
633,mountain_u134,639,mountain
634,mountain_u70,639,mountain
635,mouth_1,674,mouth
636,mouth_2,674,mouth
637,mouth_3,674,mouth
638,mouth_4,674,mouth
639,mouth_5,674,mouth
640,mouth_6,674,mouth
641,mouth_7,674,mouth
642,mouth_8,674,mouth
643,name_1,1405,name
644,name_2,1405,name
645,name_3,1405,name
646,name_4,1405,name
647,navel_bellybutton_1,1838,"navel, bellybutton"
648,navel_bellybutton_10,1838,"navel, bellybutton"
649,navel_bellybutton_11,1838,"navel, bellybutton"
650,navel_bellybutton_2,1838,"navel, bellybutton"
651,navel_bellybutton_3,1838,"navel, bellybutton"
652,navel_bellybutton_4,1838,"navel, bellybutton"
653,navel_bellybutton_5,1838,"navel, bellybutton"
654,navel_bellybutton_6,1838,"navel, bellybutton"
655,navel_bellybutton_7,1838,"navel, bellybutton"
656,navel_bellybutton_8,1838,"navel, bellybutton"
657,navel_bellybutton_L1,1838,"navel, bellybutton"
658,neck_1,1333,neck
659,neck_2,1333,neck
660,neck_3,1333,neck
661,neck_4,1333,neck
662,neck_5,1333,neck
663,neck_6,1333,neck
664,neck_7,1333,neck
665,neck_8,1333,neck
666,neck_9,1333,neck
667,neck_u118,1333,neck
668,neck_u143,1333,neck
669,neck_u173,1333,neck
670,neck_u3,1333,neck
671,new_1,1231,new
672,new_10,1231,new
673,new_11,1231,new
674,new_12,1231,new
675,new_13,1231,new
676,new_14,1231,new
677,new_15,1231,new
678,new_2,1231,new
679,new_3,1231,new
680,new_4,1231,new
681,new_5,1231,new
682,new_6,1231,new
683,new_7,1231,new
684,new_9,1231,new
685,night_1,1233,night
686,night_2,1233,night
687,night_3,1233,night
688,night_4,1233,night
689,night_6,1233,night
690,no_not_1,2279,"no, not"
691,no_not_2,2279,"no, not"
692,no_not_3,2279,"no, not"
693,no_not_4,2279,"no, not"
694,no_not_5,2279,"no, not"
695,no_not_6,2279,"no, not"
696,no_not_7,2279,"no, not"
697,no_not_8,2279,"no, not"
698,no_not_9,2279,"no, not"
699,no_not_u59,2279,"no, not"
700,nose_1,1221,nose
701,nose_2,1221,nose
702,nose_3,1221,nose
703,nose_4,1221,nose
704,nose_5,1221,nose
705,nose_7,1221,nose
706,old_1,1229,old
707,old_10,1229,old
708,old_11,1229,old
709,old_12,1229,old
710,old_13,1229,old
711,old_14,1229,old
712,old_15,1229,old
713,old_16,1229,old
714,old_17,1229,old
715,old_18,1229,old
716,old_19,1229,old
717,old_2,1229,old
718,old_20,1229,old
719,old_23,1229,old
720,old_3,1229,old
721,old_4,1229,old
722,old_5,1229,old
723,old_6,1229,old
724,old_7,1229,old
725,old_8,1229,old
726,old_9,1229,old
727,old_u10,1229,old
728,old_u11,1229,old
729,old_u135,1229,old
730,old_u31,1229,old
731,old_u81,1229,old
732,one_1,1493,one
733,one_2,1493,one
734,one_3,1493,one
735,one_4,1493,one
736,one_5,1493,one
737,one_6,1493,one
738,one_7,1493,one
739,one_u60,1493,one
740,path_road_1,2457,"path, road"
741,path_road_2,2457,"path, road"
742,path_road_u96,2457,"path, road"
743,path_road_u97,2457,"path, road"
744,path_road_u98,2457,"path, road"
745,person_1,683,person
746,person_10,683,person
747,person_2,683,person
748,person_3,683,person
749,person_4,683,person
750,person_5,683,person
751,person_6,683,person
752,person_7,683,person
753,person_8,683,person
754,person_9,683,person
755,person_L1,683,person
756,rain_1,658,rain
757,rain_10,658,rain
758,rain_11,658,rain
759,rain_12,658,rain
760,rain_13,658,rain
761,rain_15,658,rain
762,rain_2,658,rain
763,rain_3,658,rain
764,rain_4,658,rain
765,rain_5,658,rain
766,rain_6,658,rain
767,rain_7,658,rain
768,rain_8,658,rain
769,rain_9,658,rain
770,rain_u47,658,rain
771,rain_u57,658,rain
772,rain_u8,658,rain
773,red_1,156,red
774,red_10,156,red
775,red_11,156,red
776,red_13,156,red
777,red_2,156,red
778,red_4,156,red
779,red_5,156,red
780,red_6,156,red
781,red_7,156,red
782,red_8,156,red
783,red_9,156,red
784,red_L1,156,red
785,red_L2,156,red
786,red_L3,156,red
787,red_L4,156,red
788,red_u109,156,red
789,root_1,670,root
790,root_2,670,root
791,root_3,670,root
792,root_4,670,root
793,root_5,670,root
794,root_6,670,root
795,rope_1,1218,rope
796,rope_10,1218,rope
797,rope_11,1218,rope
798,rope_12,1218,rope
799,rope_13,1218,rope
800,rope_14,1218,rope
801,rope_15,1218,rope
802,rope_16,1218,rope
803,rope_17,1218,rope
804,rope_18,1218,rope
805,rope_19,1218,rope
806,rope_2,1218,rope
807,rope_20,1218,rope
808,rope_21,1218,rope
809,rope_3,1218,rope
810,rope_4,1218,rope
811,rope_6,1218,rope
812,rope_7,1218,rope
813,rope_9,1218,rope
814,rope_u13,1218,rope
815,rope_u45,1218,rope
816,rope_u62,1218,rope
817,round_1,1395,round
818,round_10,1395,round
819,round_11,1395,round
820,round_12,1395,round
821,round_14,1395,round
822,round_16,1395,round
823,round_17,1395,round
824,round_18,1395,round
825,round_19,1395,round
826,round_2,1395,round
827,round_20,1395,round
828,round_21,1395,round
829,round_3,1395,round
830,round_4,1395,round
831,round_6,1395,round
832,round_7,1395,round
833,round_8,1395,round
834,round_u100,1395,round
835,round_u101,1395,round
836,round_u131,1395,round
837,salt_1,1274,salt
838,salt_2,1274,salt
839,salt_3,1274,salt
840,salt_4,1274,salt
841,salt_5,1274,salt
842,salt_6,1274,salt
843,sand_1,671,sand
844,sand_11,671,sand
845,sand_12,671,sand
846,sand_2,671,sand
847,sand_3,671,sand
848,sand_4,671,sand
849,sand_5,671,sand
850,sand_7,671,sand
851,sand_8,671,sand
852,sand_u53,671,sand
853,say_1,1458,say
854,say_10,1458,say
855,say_11,1458,say
856,say_12,1458,say
857,say_13,1458,say
858,say_16,1458,say
859,say_17,1458,say
860,say_18,1458,say
861,say_19,1458,say
862,say_2,1458,say
863,say_3,1458,say
864,say_4,1458,say
865,say_5,1458,say
866,say_6,1458,say
867,say_7,1458,say
868,say_8,1458,say
869,say_9,1458,say
870,say_u107,1458,say
871,say_u150,1458,say
872,say_u66,1458,say
873,see_1,1409,see
874,see_2,1409,see
875,see_3,1409,see
876,see_4,1409,see
877,see_6,1409,see
878,see_7,1409,see
879,see_8,1409,see
880,see_9,1409,see
881,see_u111,1409,see
882,see_u112,1409,see
883,see_u14,1409,see
884,see_u50,1409,see
885,see_u77,1409,see
886,seed_1,714,seed
887,seed_2,714,seed
888,seed_3,714,seed
889,seed_4,714,seed
890,seed_6,714,seed
891,seed_8,714,seed
892,seed_u139,714,seed
893,sharp_blade_1,1396,sharp (blade)
894,sharp_blade_10,1396,sharp (blade)
895,sharp_blade_11,1396,sharp (blade)
896,sharp_blade_13,1396,sharp (blade)
897,sharp_blade_14,1396,sharp (blade)
898,sharp_blade_16,1396,sharp (blade)
899,sharp_blade_2,1396,sharp (blade)
900,sharp_blade_3,1396,sharp (blade)
901,sharp_blade_4,1396,sharp (blade)
902,sharp_blade_5,1396,sharp (blade)
903,sharp_blade_6,1396,sharp (blade)
904,sharp_blade_7,1396,sharp (blade)
905,sharp_blade_8,1396,sharp (blade)
906,short_1,1645,short
907,short_10,1645,short
908,short_11,1645,short
909,short_12,1645,short
910,short_14,1645,short
911,short_15,1645,short
912,short_16,1645,short
913,short_17,1645,short
914,short_2,1645,short
915,short_3,1645,short
916,short_4,1645,short
917,short_5,1645,short
918,short_6,1645,short
919,short_7,1645,short
920,short_8,1645,short
921,short_9,1645,short
922,short_u167,1645,short
923,sing_1,1261,sing
924,sing_10,1261,sing
925,sing_11,1261,sing
926,sing_12,1261,sing
927,sing_13,1261,sing
928,sing_14,1261,sing
929,sing_2,1261,sing
930,sing_3,1261,sing
931,sing_4,1261,sing
932,sing_5,1261,sing
933,sing_6,1261,sing
934,sing_7,1261,sing
935,sing_8,1261,sing
936,sing_9,1261,sing
937,sing_u113,1261,sing
938,sing_u166,1261,sing
939,sit_sit_down_1,1649,sit (sit down)
940,sit_sit_down_10,1649,sit (sit down)
941,sit_sit_down_11,1649,sit (sit down)
942,sit_sit_down_12,1649,sit (sit down)
943,sit_sit_down_2,1649,sit (sit down)
944,sit_sit_down_4,1649,sit (sit down)
945,sit_sit_down_5,1649,sit (sit down)
946,sit_sit_down_6,1649,sit (sit down)
947,sit_sit_down_7,1649,sit (sit down)
948,sit_sit_down_8,1649,sit (sit down)
949,sit_sit_down_9,1649,sit (sit down)
950,sit_sit_down_u122,1649,sit (sit down)
951,sit_sit_down_u133,1649,sit (sit down)
952,sit_sit_down_u39,1649,sit (sit down)
953,six_1,1703,six
954,six_2,1703,six
955,six_3,1703,six
956,six_4,1703,six
957,six_5,1703,six
958,six_6,1703,six
959,six_7,1703,six
960,six_8,1703,six
961,six_9,1703,six
962,skin_1,763,skin
963,skin_10,763,skin
964,skin_11,763,skin
965,skin_12,763,skin
966,skin_13,763,skin
967,skin_14,763,skin
968,skin_2,763,skin
969,skin_3,763,skin
970,skin_4,763,skin
971,skin_5,763,skin
972,skin_6,763,skin
973,skin_7,763,skin
974,skin_9,763,skin
975,skin_u171,763,skin
976,sky_1,1732,sky
977,sky_2,1732,sky
978,sky_3,1732,sky
979,sky_4,1732,sky
980,sky_5,1732,sky
981,sky_6,1732,sky
982,sky_7,1732,sky
983,sky_u114,1732,sky
984,sleep_1,1585,sleep
985,sleep_2,1585,sleep
986,sleep_3,1585,sleep
987,sleep_4,1585,sleep
988,sleep_5,1585,sleep
989,sleep_6,1585,sleep
990,sleep_u37,1585,sleep
991,sleep_u38,1585,sleep
992,small_1,1246,small
993,small_10,1246,small
994,small_11,1246,small
995,small_12,1246,small
996,small_13,1246,small
997,small_14,1246,small
998,small_15,1246,small
999,small_16,1246,small
1000,small_2,1246,small
1001,small_3,1246,small
1002,small_4,1246,small
1003,small_5,1246,small
1004,small_6,1246,small
1005,small_7,1246,small
1006,small_8,1246,small
1007,small_9,1246,small
1008,small_u61,1246,small
1009,smoke_1,778,smoke
1010,smoke_2,778,smoke
1011,smoke_3,778,smoke
1012,smoke_4,778,smoke
1013,smoke_5,778,smoke
1014,smoke_8,778,smoke
1015,smoke_9,778,smoke
1016,smoke_u151,778,smoke
1017,smoke_u55,778,smoke
1018,smoke_u95,778,smoke
1019,snake_1,730,snake
1020,snake_12,730,snake
1021,snake_13,730,snake
1022,snake_15,730,snake
1023,snake_2,730,snake
1024,snake_3,730,snake
1025,snake_5,730,snake
1026,snake_6,730,snake
1027,snake_7,730,snake
1028,snake_8,730,snake
1029,snake_9,730,snake
1030,snow_1,784,snow
1031,snow_2,784,snow
1032,snow_3,784,snow
1033,snow_4,784,snow
1034,snow_5,784,snow
1035,snow_6,784,snow
1036,snow_7,784,snow
1037,snow_8,784,snow
1038,snow_u4,784,snow
1039,snow_u41,784,snow
1040,stand_up_1,570,stand (up)
1041,stand_up_2,570,stand (up)
1042,stand_up_3,570,stand (up)
1043,stand_up_4,570,stand (up)
1044,stand_up_5,570,stand (up)
1045,stand_up_6,570,stand (up)
1046,stand_up_u174,570,stand (up)
1047,stand_up_u175,570,stand (up)
1048,star_1,1430,star
1049,star_10,1430,star
1050,star_11,1430,star
1051,star_2,1430,star
1052,star_3,1430,star
1053,star_4,1430,star
1054,star_5,1430,star
1055,star_6,1430,star
1056,star_8,1430,star
1057,star_9,1430,star
1058,star_u108,1430,star
1059,star_u67,1430,star
1060,star_u68,1430,star
1061,star_u69,1430,star
1062,stone_rock_1,857,"stone, rock"
1063,stone_rock_2,857,"stone, rock"
1064,stone_rock_3,857,"stone, rock"
1065,stone_rock_4,857,"stone, rock"
1066,stone_rock_u30,857,"stone, rock"
1067,sun_1,1343,sun
1068,sun_2,1343,sun
1069,sun_3,1343,sun
1070,sun_4,1343,sun
1071,sun_5,1343,sun
1072,sun_6,1343,sun
1073,sun_7,1343,sun
1074,sun_u79,1343,sun
1075,swim_1,1439,swim
1076,swim_10,1439,swim
1077,swim_11,1439,swim
1078,swim_12,1439,swim
1079,swim_13,1439,swim
1080,swim_14,1439,swim
1081,swim_15,1439,swim
1082,swim_16,1439,swim
1083,swim_17,1439,swim
1084,swim_2,1439,swim
1085,swim_3,1439,swim
1086,swim_4,1439,swim
1087,swim_5,1439,swim
1088,swim_6,1439,swim
1089,swim_7,1439,swim
1090,swim_8,1439,swim
1091,swim_9,1439,swim
1092,tail_1,1220,tail
1093,tail_2,1220,tail
1094,tail_3,1220,tail
1095,tail_u12,1220,tail
1096,that_1,78,that
1097,that_10,78,that
1098,that_11,78,that
1099,that_12,78,that
1100,that_13,78,that
1101,that_14,78,that
1102,that_15,78,that
1103,that_16,78,that
1104,that_18,78,that
1105,that_19,78,that
1106,that_2,78,that
1107,that_20,78,that
1108,that_21,78,that
1109,that_22,78,that
1110,that_3,78,that
1111,that_4,78,that
1112,that_5,78,that
1113,that_6,78,that
1114,that_7,78,that
1115,that_8,78,that
1116,that_9,78,that
1117,that_u157,78,that
1118,that_u158,78,that
1119,that_u24,78,that
1120,that_u25,78,that
1121,that_u42,78,that
1122,that_u43,78,that
1123,that_u49,78,that
1124,this_1,1214,this
1125,this_10,1214,this
1126,this_2,1214,this
1127,this_3,1214,this
1128,this_4,1214,this
1129,this_5,1214,this
1130,this_6,1214,this
1131,this_7,1214,this
1132,this_8,1214,this
1133,this_9,1214,this
1134,this_u159,1214,this
1135,this_u23,1214,this
1136,this_u5,1214,this
1137,this_u9,1214,this
1138,three_1,492,three
1139,tongue_1,1205,tongue
1140,tongue_2,1205,tongue
1141,tongue_3,1205,tongue
1142,tongue_4,1205,tongue
1143,tooth_1,1380,tooth
1144,tooth_u52,1380,tooth
1145,tree_1,906,tree
1146,tree_10,906,tree
1147,tree_11,906,tree
1148,tree_12,906,tree
1149,tree_13,906,tree
1150,tree_14,906,tree
1151,tree_2,906,tree
1152,tree_3,906,tree
1153,tree_4,906,tree
1154,tree_5,906,tree
1155,tree_6,906,tree
1156,tree_8,906,tree
1157,tree_9,906,tree
1158,two_1,1498,two
1159,two_3,1498,two
1160,two_4,1498,two
1161,two_5,1498,two
1162,two_u99,1498,two
1163,vomit_1,1278,vomit
1164,vomit_10,1278,vomit
1165,vomit_11,1278,vomit
1166,vomit_12,1278,vomit
1167,vomit_14,1278,vomit
1168,vomit_2,1278,vomit
1169,vomit_3,1278,vomit
1170,vomit_4,1278,vomit
1171,vomit_5,1278,vomit
1172,vomit_6,1278,vomit
1173,vomit_7,1278,vomit
1174,vomit_8,1278,vomit
1175,vomit_9,1278,vomit
1176,vomit_u85,1278,vomit
1177,walk_1,1443,walk
1178,walk_10,1443,walk
1179,walk_11,1443,walk
1180,walk_12,1443,walk
1181,walk_13,1443,walk
1182,walk_16,1443,walk
1183,walk_2,1443,walk
1184,walk_3,1443,walk
1185,walk_4,1443,walk
1186,walk_5,1443,walk
1187,walk_6,1443,walk
1188,walk_7,1443,walk
1189,walk_8,1443,walk
1190,walk_u147,1443,walk
1191,walk_u92,1443,walk
1192,walk_u93,1443,walk
1193,water_1,948,water
1194,water_L1,948,water
1195,we_1,1212,we
1196,we_2,1212,we
1197,we_3,1212,we
1198,we_4,1212,we
1199,we_6,1212,we
1200,we_7,1212,we
1201,we_8,1212,we
1202,we_u18,1212,we
1203,we_u19,1212,we
1204,we_u22,1212,we
1205,we_u32,1212,we
1206,we_u33,1212,we
1207,what_1,1236,what
1208,what_10,1236,what
1209,what_2,1236,what
1210,what_3,1236,what
1211,what_4,1236,what
1212,what_5,1236,what
1213,what_6,1236,what
1214,what_7,1236,what
1215,what_8,1236,what
1216,what_9,1236,what
1217,what_u72,1236,what
1218,what_u73,1236,what
1219,white_1,1335,white
1220,white_10,1335,white
1221,white_11,1335,white
1222,white_12,1335,white
1223,white_14,1335,white
1224,white_2,1335,white
1225,white_3,1335,white
1226,white_4,1335,white
1227,white_5,1335,white
1228,white_6,1335,white
1229,white_7,1335,white
1230,white_8,1335,white
1231,white_9,1335,white
1232,who_1,1235,who
1233,who_12,1235,who
1234,who_2,1235,who
1235,who_3,1235,who
1236,who_4,1235,who
1237,who_5,1235,who
1238,who_6,1235,who
1239,who_7,1235,who
1240,who_8,1235,who
1241,who_9,1235,who
1242,who_u152,1235,who
1243,wind_1,960,wind
1244,wind_2,960,wind
1245,wind_3,960,wind
1246,wind_4,960,wind
1247,wind_5,960,wind
1248,wind_6,960,wind
1249,wind_7,960,wind
1250,woman_1,962,woman
1251,woman_10,962,woman
1252,woman_11,962,woman
1253,woman_12,962,woman
1254,woman_13,962,woman
1255,woman_14,962,woman
1256,woman_15,962,woman
1257,woman_16,962,woman
1258,woman_17,962,woman
1259,woman_2,962,woman
1260,woman_3,962,woman
1261,woman_4,962,woman
1262,woman_5,962,woman
1263,woman_6,962,woman
1264,woman_7,962,woman
1265,woman_8,962,woman
1266,woman_9,962,woman
1267,woman_u102,962,woman
1268,year_1,1226,year
1269,year_10,1226,year
1270,year_11,1226,year
1271,year_12,1226,year
1272,year_13,1226,year
1273,year_14,1226,year
1274,year_2,1226,year
1275,year_3,1226,year
1276,year_4,1226,year
1277,year_5,1226,year
1278,year_6,1226,year
1279,year_7,1226,year
1280,year_9,1226,year
1281,year_L1,1226,year
1282,year_u71,1226,year
1283,year_u80,1226,year
1284,yellow_1,1424,yellow
1285,yellow_10,1424,yellow
1286,yellow_11,1424,yellow
1287,yellow_12,1424,yellow
1288,yellow_13,1424,yellow
1289,yellow_14,1424,yellow
1290,yellow_2,1424,yellow
1291,yellow_3,1424,yellow
1292,yellow_4,1424,yellow
1293,yellow_5,1424,yellow
1294,yellow_6,1424,yellow
1295,yellow_7,1424,yellow
1296,yellow_8,1424,yellow
1297,yellow_9,1424,yellow
1298,yellow_u128,1424,yellow
1299,yellow_u176,1424,yellow
1300,you_sing_1,1215,you (sing.)
1301,you_sing_2,1215,you (sing.)
1302,you_sing_3,1215,you (sing.)
1303,you_sing_4,1215,you (sing.)
1304,you_sing_5,1215,you (sing.)
1305,you_sing_6,1215,you (sing.)
